{\rtf1\ansi\ansicpg1252\cocoartf2870,,,,,,,
\cocoatextscaling0\cocoaplatform0{\fonttbl\f0\fswiss\fcharset0 Helvetica;},,,,,,,
{\colortbl;\red255\green255\blue255;},,,,,,,
{\*\expandedcolortbl;;},,,,,,,
\paperw11900\paperh16840\margl1440\margr1440\vieww29200\viewh18460\viewkind0,,,,,,,
\pard\tx720\tx1440\tx2160\tx2880\tx3600\tx4320\tx5040\tx5760\tx6480\tx7200\tx7920\tx8640\pardirnatural\partightenfactor0,,,,,,,
,,,,,,,
Date,Max Temp (C),Min Temp (C),Humidity (%),Rainfall (mm),Wind Speed (km/h),Groundwater Level (m bgl),Location
19-07-2026,31.3,22.8,74,0.1,12.5,6.45,Coimbatore TN\
20-07-2026,32.1,23.1,68,0.1,11.2,6.48,Coimbatore TN\
21-07-2026,30.5,22.4,81,4.5,15,6.4,Coimbatore TN\
22-07-2026,29.8,22.1,86,14.2,16.8,6.22,Coimbatore TN\
23-07-2026,30.2,22.5,79,2.4,13.1,6.18,Coimbatore TN\
24-07-2026,31,22.7,75,0.1,11.8,6.15,Coimbatore TN\
25-07-2026,31.6,22.9,72,0.1,10.4,6.14,Coimbatore TN\
26-07-2026,32.4,23.2,70,0.1,12,6.18,Coimbatore TN\
27-07-2026,33,23.5,66,0.1,13.5,6.25,Coimbatore TN\
28-07-2026,32.8,23.4,67,0.1,14.1,6.3,Coimbatore TN\
29-07-2026,31.5,22.9,73,1.2,15.2,6.28,Coimbatore TN\
30-07-2026,30,22.2,82,8,17.5,6.1,Coimbatore TN\
31-07-2026,29.4,21.9,88,22.5,18.2,5.85,Coimbatore TN\
01-08-2026,29.9,22,84,5,16,5.8,Coimbatore TN\
02-08-2026,30.8,22.6,77,0.1,13.8,5.82,Coimbatore TN\
03-08-2026,31.2,22.8,75,0.1,12.1,5.84,Coimbatore TN\
04-08-2026,31.9,23,71,0.1,11.5,5.88,Coimbatore TN\
05-08-2026,32.5,23.3,69,0.1,12.4,5.92,Coimbatore TN\
06-08-2026,32.1,23.1,72,0.1,13,5.95,Coimbatore TN\
07-08-2026,31,22.7,78,3.1,14.8,5.9,Coimbatore TN\
08-08-2026,30.3,22.4,80,6.2,15.5,5.78,Coimbatore TN\
09-08-2026,30.7,22.5,76,1,13.2,5.75,Coimbatore TN\
10-08-2026,31.4,22.8,73,0.1,12,5.76,Coimbatore TN\
11-08-2026,31.5,22.8,78,0.1,12.5,5.8,Coimbatore TN\
12-08-2026,31.8,23,76,0.1,11.2,5.82,Coimbatore TN\
13-08-2026,30.2,22.4,82,4.5,14,5.75,Coimbatore TN\
14-08-2026,29.8,22.1,85,12,15.6,5.6,Coimbatore TN\
15-08-2026,30.5,22.5,80,2,13.1,5.58,Coimbatore TN\
16-08-2026,31,22.7,79,1,11.8,5.55,Coimbatore TN\
17-08-2026,31.2,22.9,77,0.1,12,5.54,Coimbatore TN\
},,,,,,,
